"Temperature_Offset","Mass_Balance"
-4,-14.7550914110616
-3,-53.3468222105876
-2,12.1126149361953
-1,52.1835106192157
0,-44.6467984654009
1,64.3399076256901
2,-43.2387631479651
3,-43.8422772893682
4,-12.7436716714874
